OrgSpringRank,OrgID,OrgLocationCountry,OrgLocationDetails,OrgName,OrgType
2.0922265254016046,https://ror.org/003qdfg20,JP,Tokyo,Soka University,education
2.0589998556856473,https://ror.org/03paakw30,JP,Makurazaki,Jiseikai Welfare Kyusyu Hospital,healthcare
1.8723843515764758,https://ror.org/00wejpz79,JP,Katō,Hyogo University of Teacher Education,education
1.8697115468923826,https://ror.org/01h7cca57,JP,Sapporo,Sapporo Medical University,education
1.790620563682092,https://ror.org/05hfpw879,JP,Chiba,Chiba Institute of Science,education
1.6038157395992034,https://ror.org/03b657f73,JP,Kōryō Chō,Kio University,education
1.6038157395992034,https://ror.org/051smb947,JP,Nagasaki,Nagasaki Institute of Applied Science,education
1.4826379419055897,https://ror.org/054dx8336,JP,Takizawa,Iwate Prefectural University,education
1.3598648149054113,https://ror.org/0372t5741,JP,Gifu-shi,Gifu Pharmaceutical University,education
1.2825770720310559,https://ror.org/057zh3y96,JP,Tokyo,The University of Tokyo,education
1.2698697905912655,https://ror.org/02kpeqv85,JP,Kyoto,Kyoto University,education
1.2353728055835913,https://ror.org/0516ah480,JP,Hayama,"The Graduate University for Advanced Studies, SOKENDAI",education
1.2089414476253109,https://ror.org/035t8zc32,JP,Osaka,Osaka University,education
1.1764062792092933,https://ror.org/057jm7w82,JP,Hachiōji,Tokyo University of Pharmacy and Life Sciences,education
1.1346134668912748,https://ror.org/0112mx960,JP,Tokyo,Tokyo Institute of Technology,education
1.1209458313694338,https://ror.org/03frj4r98,JP,Nomi Shi,Japan Advanced Institute of Science and Technology,education
1.1095027161690558,https://ror.org/02pg0e883,JP,Fukushima,University of Aizu,education
1.0926390093326324,https://ror.org/01dq60k83,JP,Sendai,Tohoku University,education
1.0846424009651934,https://ror.org/024yc3q36,JP,Tottori,Tottori University,education
1.0236513561968164,https://ror.org/01k8ej563,JP,Tokyo,Keio University Hospital,healthcare
1.0069282939653363,https://ror.org/02kn6nx58,JP,Tokyo,Keio University,education
1.0065074874562185,https://ror.org/01y2kdt21,JP,Takatsuki,Osaka Medical and Pharmaceutical University,education
0.9888719080311053,https://ror.org/00ws30h19,JP,Tokyo,Tokyo Metropolitan University,education
0.9837592130844406,https://ror.org/04d139241,JP,Nagoya,Tokai National Higher Education and Research System,education
0.9682503169449664,https://ror.org/01zwcys39,JP,Tokyo,Meiji Gakuin University,education
0.952080021871159,https://ror.org/02e16g702,JP,Sapporo,Hokkaido University,education
0.951003282171137,https://ror.org/05nq89q24,JP,Osaka,Institute for Fermentation,other
0.9070943735871607,https://ror.org/03kb7hq55,JP,Kurume,Kurume Institute of Technology,education
0.9070943735871607,https://ror.org/04xtvq436,JP,Kurashiki,Kurashiki University of Science and the Arts,education
0.872570840480056,https://ror.org/00p4k0j84,JP,Fukuoka,Kyushu University,education
0.8701175232910635,https://ror.org/03tgsfw79,JP,Kobe,Kobe University,education
0.8674661793014106,https://ror.org/0504dfg48,JP,Sendai,Tohoku Gakuin University,education
0.8530105957698711,https://ror.org/05bhada84,JP,Ikoma,Nara Institute of Science and Technology,education
0.8523428815616559,https://ror.org/00ntfnx83,JP,Tokyo,Waseda University,education
0.8309473684201603,https://ror.org/00rghrr56,JP,Kochi,Kochi University of Technology,education
0.790980582945219,https://ror.org/051k3eh31,JP,Tokyo,Tokyo Medical and Dental University,education
0.7895612286021515,https://ror.org/02956yf07,JP,Tsukuba,University of Tsukuba,education
0.7449017354333242,https://ror.org/01wqrpc44,JP,Fukuoka,Kyushu Sangyo University,education
0.7339534938669366,https://ror.org/00965ax52,JP,Kyoto,Kyoto Institute of Technology,education
0.7257519183963769,https://ror.org/05kt9ap64,JP,Osaka,Kindai University,education
0.7231993255452682,https://ror.org/05kzadn81,JP,Nara-shi,Nara Women's University,education
0.7043672650997344,https://ror.org/01hjzeq58,JP,Chiba,Chiba University,education
0.6960234050063612,https://ror.org/00qg0kr10,JP,Tokyo,Tokyo University of Agriculture and Technology,education
0.6887915124286782,https://ror.org/00ys1hz88,JP,Nagaoka,Nagaoka University of Technology,education
0.6838167777151498,https://ror.org/02pc6pc55,JP,Okayama,Okayama University,education
0.6773002050997734,https://ror.org/03599d813,JP,Tokyo,Ochanomizu University,education
0.6757813816557998,https://ror.org/0447kww10,JP,Miyazaki,University of Miyazaki,education
0.6745325064576816,https://ror.org/02evnh647,JP,Saitama,Saitama University,education
0.6731495204642307,https://ror.org/00wzjq897,JP,Sagamihara,Azabu University,education
0.6662912814178436,https://ror.org/02cgss904,JP,Kumamoto,Kumamoto University,education
0.6572857449467866,https://ror.org/03s2gs602,JP,Kurashiki,Kawasaki University of Medical Welfare,education
0.6485846866621138,https://ror.org/01nckkm68,JP,Tokyo,Sophia University,education
0.6390668939601082,https://ror.org/02x73b849,JP,Tokyo,University of Electro-Communications,education
0.6175261238441248,https://ror.org/01fxdkm29,JP,Kyoto,Doshisha University,education
0.6158622958078023,https://ror.org/047n0b268,JP,Nagoya,Aichi Prefectural University,education
0.6042111093167428,https://ror.org/03t78wx29,JP,Hiroshima,Hiroshima University,education
0.5991740714289714,https://ror.org/055yf1005,JP,Nagoya,Nagoya Institute of Technology,education
0.598845441436749,https://ror.org/028vxwa22,JP,Kyoto,Kyoto Prefectural University of Medicine,education
0.5976676760204322,https://ror.org/03xgh2v50,JP,Imizu,Toyama Prefectural University,education
0.5959079138264474,https://ror.org/020wjcq07,JP,Tokyo,Shibaura Institute of Technology,education
0.5912863483349486,https://ror.org/03zyp6p76,JP,Yokohama,Yokohama National University,education
0.5851728713672572,https://ror.org/02skfsw40,JP,Osaka,Osaka City University,education
0.5515601325833985,https://ror.org/048nxq511,JP,Tokyo,Tokyo University of Marine Science and Technology,education
0.5514302850110614,https://ror.org/03kjjhe36,JP,Tokyo,Tokyo Women's Medical University,education
0.5391081904654192,https://ror.org/04ww21r56,JP,Niigata,Niigata University,education
0.5217728818422731,https://ror.org/02hwp6a56,JP,Kanazawa,Kanazawa University,education
0.500000099643363,https://ror.org/00y809n33,JP,Tokyo,Tokyo University of the Arts,education
0.4893319475978012,https://ror.org/02cf1je33,JP,Sakai,Osaka Prefecture University,education
0.48494039823880986,https://ror.org/03rd0p893,JP,Tokyo,Tokyo Metropolitan Institute of Gerontology,facility
0.46408564383487316,https://ror.org/04h42fc75,JP,Nagoya,Meijo University,education
0.4582293763191381,https://ror.org/04rymkk69,JP,Muroran,Muroran Institute of Technology,education
0.44545017001356874,https://ror.org/01w6wtk13,JP,Shizuoka,Shizuoka University,education
0.4384074018028583,https://ror.org/00xy44n04,JP,Yamagata,Yamagata University,education
0.43300368277460277,https://ror.org/04cd75h10,JP,Morioka,Iwate University,education
0.43044970844927055,https://ror.org/0135d1r83,JP,Yokohama,Yokohama City University,education
0.4152546495455375,https://ror.org/046fm7598,JP,Maebashi,Gunma University,education
0.4136147976858643,https://ror.org/037s2db26,JP,Tokyo,Gakushuin University,education
0.389474474911498,https://ror.org/01529vy56,JP,Tsu,Mie University,education
0.3736800883675011,https://ror.org/02qf2tx24,JP,Nishinomiya,Kwansei Gakuin University,education
0.37224732549395695,https://ror.org/05b1kx621,JP,Akita,Akita Prefectural University,education
0.36728283802455547,https://ror.org/01692sz90,JP,Tokyo,Juntendo University,education
0.3660946601889299,https://ror.org/01v1m2411,JP,Kyoto,The Ritsumeikan Trust,education
0.36266170884391624,https://ror.org/05wks2t16,JP,Kitami,Kitami Institute of Technology,education
0.35566185337750994,https://ror.org/04rvw0k47,JP,Shizuoka,University of Shizuoka,education
0.355444767756491,https://ror.org/017hkng22,JP,Matsuyama,Ehime University,education
0.3534458666613075,https://ror.org/04ezg6d83,JP,Toyohashi,Toyohashi University of Technology,education
0.3331250124193573,https://ror.org/044vy1d05,JP,Tokushima,Tokushima University,education
0.3301619721577713,https://ror.org/03ss88z23,JP,Kagoshima,Kagoshima University,education
0.32815759946115597,https://ror.org/04wn7wc95,JP,Nagoya,Nagoya City University,education
0.3265808004391042,https://ror.org/02278tr80,JP,Kitakyushu,Kyushu Institute of Technology,education
0.3224197356573336,https://ror.org/04jqj7p05,JP,Tokyo,Hitotsubashi University,education
0.32173874272208697,https://ror.org/03xg1f311,JP,Suita,Kansai University,education
0.31973876869619366,https://ror.org/01wc2tq75,JP,Tokyo,Kogakuin University,education
0.31350093311597854,https://ror.org/00bx6dj65,JP,Tokyo,Hosei University,education
0.3069504776029682,https://ror.org/059x21724,JP,Kōfu,University of Yamanashi,education
0.29627876943516684,https://ror.org/01xxp6985,JP,Kochi,Kōchi University,education
0.28388597824880213,https://ror.org/00f2txz25,JP,Tokyo,Kitasato University,education
0.2822131091653794,https://ror.org/00krab219,JP,Tokyo,Nippon Medical School,education
0.2822131091653794,https://ror.org/00ndx3g44,JP,Hamamatsu,Hamamatsu University School of Medicine,education
0.2822131091653794,https://ror.org/00vq1d511,JP,Fukuroi,Shizuoka Institute of Science and Technology,education
0.2822131091653794,https://ror.org/00vya8493,JP,Tokyo,Tokyo Metropolitan Institute of Medical Science,facility
0.2822131091653794,https://ror.org/018nb9n34,JP,Tokyo,IHI Corporation (Japan),company
0.2822131091653794,https://ror.org/01kmg3290,JP,Fukui-shi,University of Fukui Hospital,healthcare
0.2822131091653794,https://ror.org/027mg2511,JP,Tokyo,Tsuda University,education
0.2822131091653794,https://ror.org/02p6jga18,JP,Kyoto,Doshisha Women's College of Liberal Arts,education
0.2822131091653794,https://ror.org/030qq9y73,JP,Hachinohe,Hachinohe National College of Technology,education
0.2822131091653794,https://ror.org/039aamd19,JP,Saitama,Nihon Pharmaceutical University,education
0.2822131091653794,https://ror.org/03jzxkg37,JP,Tokyo,Senshu University,education
0.2822131091653794,https://ror.org/03sf6p593,JP,Tokyo,Showa Women's University,education
0.2822131091653794,https://ror.org/044mkdq33,JP,Tokyo,Ajinomoto (Japan),company
0.2822131091653794,https://ror.org/04wn7d698,JP,Tokyo,Showa University Hospital,healthcare
0.2822131091653794,https://ror.org/0586k5242,JP,Tokyo,Kirin (Japan),company
0.2822131091653794,https://ror.org/05k27ay38,JP,Mibu,Dokkyo Medical University,education
0.279848798283069,https://ror.org/0244rem06,JP,Matsumoto,Shinshu University,education
0.2760362767388896,https://ror.org/02e2wvy23,JP,Kyoto,Kyoto Tachibana University,education
0.2697448991620069,https://ror.org/03wkbyb17,JP,Takizawa,Morioka University,education
0.2695091591123969,https://ror.org/01ytgve10,JP,Kyoto,Kyoto Pharmaceutical University,education
0.2695091591123969,https://ror.org/00dnbtf70,JP,Niigata,Niigata University of Pharmacy and Applied Life Sciences,education
0.2695091591123969,https://ror.org/011xca688,JP,Himeji,Himeji Dokkyo University,education
0.2695091591123969,https://ror.org/016epqy31,JP,Kashiwara-shi,Kansai University of Welfare Sciences,education
0.2695091591123969,https://ror.org/01s8tz949,JP,Tokyo,Japan Broadcasting Corporation (Japan),company
0.2695091591123969,https://ror.org/02bwkwm60,JP,Hiroshima,Hiroshima Institute of Technology,education
0.2695091591123969,https://ror.org/036vt3264,JP,Kokubunji,Railway Technical Research Institute,facility
0.2695091591123969,https://ror.org/038e2g226,JP,Minato,Fujitsu (Japan),company
0.2695091591123969,https://ror.org/044bdx604,JP,Chiba,Tokyo University of Information Sciences,education
0.2625524080936098,https://ror.org/0151bmh98,JP,Kobe,University of Hyogo,education
0.25454379320250153,https://ror.org/01mrvbd33,JP,Tokyo,Hoshi University,education
0.25135470178742253,https://ror.org/01p7qe739,JP,Tokyo,Tokai University,education
0.24557130657694967,https://ror.org/02wxcdf69,JP,Tokyo,National Maritime Research Institute,facility
0.24557130657694967,https://ror.org/056bksm23,JP,Neyagawa,Osaka Electro-Communication University,education
0.24549238886093708,https://ror.org/010b0td06,JP,Ishikawa,Komatsu University,education
0.24147210169325634,https://ror.org/03hv1ad10,JP,Akita,Akita University,education
0.2404359971924011,https://ror.org/03mfefw72,JP,Kitakyushu,The University of Kitakyushu,education
0.2402924291257339,https://ror.org/02ws33e43,JP,Nonoichi,Kanazawa Institute of Technology,education
0.2350242046560396,https://ror.org/0055k7a87,JP,Kawasaki,New Energy and Industrial Technology Development Organization,education
0.2350242046560396,https://ror.org/00k5j5c86,JP,Tokyo,Tokyo Medical University,education
0.2350242046560396,https://ror.org/016t1kc57,JP,Tokyo,Kao Corporation (Japan),company
0.22465948505351857,https://ror.org/05r26zf79,JP,Yokosuka,Port and Airport Research Institute,other
0.2216463973294548,https://ror.org/04f4wg107,JP,Saga,Saga University,education
0.2191414539095512,https://ror.org/05sj3n476,JP,Tokyo,Tokyo University of Science,education
0.20858546196896155,https://ror.org/01cg0k189,JP,Tokyo,International Christian University,education
0.20857724951133372,https://ror.org/00nthvx56,JP,Miki,Kansai University of International Studies,education
0.20857724951133372,https://ror.org/020sa1s57,JP,Aomori,Aomori University of Health and Welfare,education
0.20857724951133372,https://ror.org/0210pwe06,JP,Nara-shi,Tezukayama University,education
0.20857724951133372,https://ror.org/03bwsp312,JP,Kobe,Kobe Shoin Women's University,education
0.20857724951133372,https://ror.org/04g11bp59,JP,Osaka,Osaka University of Economics,education
0.20857724951133372,https://ror.org/05qs31q25,JP,Osaka,Kyoto University Research Reactor Institute,education
0.20205467624054438,https://ror.org/04ajrmg05,JP,Nagoya,Chukyo University,education
0.20157430087912662,https://ror.org/05szw2z23,JP,Hakodate,Future University Hakodate,education
0.19934857606221215,https://ror.org/04gpcyk21,JP,Tokyo,Japan Women's University,education
0.19688131694084277,https://ror.org/00ktqrd38,JP,Kyoto,Kyoto Prefectural University,education
0.19076078380658315,https://ror.org/0445phv87,JP,Toyama,University of Toyama,education
0.18671394576449482,https://ror.org/01jaaym28,JP,Matsue,Shimane University,education
0.18204840495903185,https://ror.org/02syg0q74,JP,Hirosaki,Hirosaki University,education
0.17918273949974356,https://ror.org/05jk51a88,JP,Tokyo,Nihon University,education
0.16502285521175483,https://ror.org/05bx1gz93,JP,Utsunomiya,Utsunomiya University,education
0.15697849903981145,https://ror.org/04j7mzp05,JP,Takamatsu,Kagawa University,education
0.1535493825046548,https://ror.org/02hcx7n63,JP,Tokyo,Toho University,education
0.14992430176070748,https://ror.org/059yhyy33,JP,Tokyo,Japan Aerospace Exploration Agency,facility
0.14765683714819436,https://ror.org/012tqgb57,JP,Kyoto,Ryukoku University,education
0.14763881446841184,https://ror.org/02rqvrp93,JP,Tokyo,Meiji University,education
0.14651919835098945,https://ror.org/041jswc25,JP,Tokyo,Central Research Institute of Electric Power Industry,nonprofit
0.14420755625489912,https://ror.org/02sps0775,JP,Kasugai,Chubu University,education
0.13448865683654218,https://ror.org/020pjpv69,JP,Yokohama,Toin University of Yokohama,education
0.13442659249155825,https://ror.org/053h75930,JP,Tokyo,Bunkyo University,education
0.13442659249155825,https://ror.org/05xe40a72,JP,Kobe,Foundation for Biomedical Research and Innovation,healthcare
0.13425463427049433,https://ror.org/018wp0236,JP,Tokyo,Asahi Kasei (Japan),company
0.13425463427049433,https://ror.org/02cntp233,JP,Nagoya,Daido University,education
0.13425463427049433,https://ror.org/02e4qbj88,JP,Saitama,National Defense Medical College,education
0.13425463427049433,https://ror.org/03a2hf118,JP,Matsumoto,Shinshu University Hospital,healthcare
0.13425463427049433,https://ror.org/04vgkzj18,JP,Ami,Ibaraki Prefectural University of Health Sciences,education
0.1245890380914552,https://ror.org/01vvhy971,JP,Hikone,Shiga University,education
0.12414124026280028,https://ror.org/0418a3v02,JP,Osaka,Setsunan University,education
0.1184094871139602,https://ror.org/03gb41d27,JP,Tsukuba,Comprehensive Research Organization for Science and Society,education
0.11726599813304635,https://ror.org/05f8a4p63,JP,Tokyo,Tamagawa University,education
0.112917161452404,https://ror.org/01nyv7k26,JP,Ōita,Oita University,education
0.10988687512608093,https://ror.org/01sjwvz98,JP,Wako,RIKEN,facility
0.10765984139743057,https://ror.org/01phqre83,JP,Sendai,Tohoku Institute of Technology,education
0.10309953668209552,https://ror.org/059qg2m13,JP,Yokosuka,Japan Agency for Marine-Earth Science and Technology,facility
0.0955061600477941,https://ror.org/05wr49d48,JP,Wakayama,Wakayama University,education
0.0947936967624251,https://ror.org/01m2pas06,JP,Atsugi,NTT Basic Research Laboratories,facility
0.09418069551646113,https://ror.org/02zdz1m23,JP,Tokyo,"Ministry of Agriculture, Forestry and Fisheries",government
0.09245214896031806,https://ror.org/00kcd6x60,JP,Sendai,Tohoku University Hospital,healthcare
0.09228799622015899,https://ror.org/0059h1f24,JP,Hiroshima,Prefectural University of Hiroshima,education
0.09228799622015899,https://ror.org/01g9ekh39,JP,Kawagoe,Tokyo International University,education
0.09228799622015899,https://ror.org/01wmx5158,JP,Sendai,Tohoku Bunka Gakuen University,education
0.09228799622015899,https://ror.org/030fd1j28,JP,Kōfu,Yamanashi Eiwa College,education
0.09228799622015899,https://ror.org/04cwfse38,JP,Tsukuba,National Research Institute for Earth Science and Disaster Resilience,facility
0.08917782322437319,https://ror.org/002rw7y37,JP,Tokyo,Aoyama Gakuin University,education
0.07900459522322227,https://ror.org/05xszy717,JP,Yokosuka,National Defense Academy of Japan,education
0.07581902233567156,https://ror.org/03zjb7z20,JP,Fukushima,Fukushima University,education
0.07544444148457878,https://ror.org/020rbyg91,JP,Chiba,National Institutes for Quantum and Radiological Science and Technology,facility
0.07222223587754008,https://ror.org/01hvx5h04,JP,Osaka,Osaka Metropolitan University,education
0.07112659637965682,https://ror.org/03jvvjr23,JP,Fukuoka,Daiichi University of Pharmacy,education
0.06756893356959676,https://ror.org/048rj2z13,JP,Tokyo,"Ministry of Education, Culture, Sports, Science and Technology",government
0.061252751508471356,https://ror.org/00yydx071,JP,Osaka,Osaka Seikei University,education
0.05705317430813935,https://ror.org/00msqp585,JP,Fukui-shi,University of Fukui,education
0.047308283477354475,https://ror.org/01tm0rr86,JP,Fukui-shi,Fukui University of Technology,education
0.04087592158125348,https://ror.org/05wj18248,JP,Hachinohe,Hachinohe Institute of Technology,education
0.03640105437420813,https://ror.org/00097mb19,JP,Tokyo,Japan Science and Technology Agency,government
0.03588185957211032,https://ror.org/03mb27p64,JP,Tokyo,Tokyo Woman's Christian University,education
0.03588185957211032,https://ror.org/04r69jb93,JP,Tokyo,Kokushikan University,education
0.03571959428725514,https://ror.org/01703db54,JP,Tsukuba,National Institute of Advanced Industrial Science and Technology,government
0.026958246263056495,https://ror.org/05qh38f12,JP,Tokyo,Takushoku University,education
0.023922741001582048,https://ror.org/03qvqb743,JP,Hachiōji,Chuo University,education
0.023240656689723943,https://ror.org/01pe1d703,JP,Kyoto,Advanced Telecommunications Research Institute International,facility
0.02217254068265337,https://ror.org/037xccs34,JP,Chitose,Chitose Institute of Science and Technology,education
0.019220346422866366,https://ror.org/00x194q47,JP,Tokyo,Rikkyo University,education
0.01850760801534424,https://ror.org/005pdtr14,JP,Tsukuba,Japan International Research Center for Agricultural Sciences,facility
0.009680758200851855,https://ror.org/046f6cx68,JP,Toyoake,Fujita Health University,education
0.007000210444059569,https://ror.org/00jaard37,JP,Nagaoka,Nagaoka National College of Technology,education
0.0,https://ror.org/001xjdh50,JP,Osaka,Kansai Medical University,education
0.0,https://ror.org/009x65438,JP,Nishinomiya,Mukogawa Women's University,education
0.0,https://ror.org/021r6aq66,JP,Saitama,Josai University,education
0.0,https://ror.org/0330rc745,JP,Ashikaga,Ashikaga University,education
0.0,https://ror.org/03gz5xp73,JP,Tokyo,National Graduate Institute for Policy Studies,education
0.0,https://ror.org/03jqhsn85,JP,Fukuoka,Seinan Gakuin University,education
0.0,https://ror.org/03m964n84,JP,Kariya,Aichi University of Education,education
0.0,https://ror.org/04v5axh10,JP,Iwaki,Iwaki Meisei University,education
-9.625611847571816e-05,https://ror.org/001et4e78,JP,Hiroshima,Hiroshima City University,education
-0.005521303465229455,https://ror.org/02j6c0d67,JP,Yokohama,Kanagawa University,education
-0.011482841066126192,https://ror.org/03425vk88,JP,Machida,Salesian Polytechnic,education
-0.011482841066126192,https://ror.org/05tjaf288,JP,Tokyo,Komazawa University,education
-0.012065157744563449,https://ror.org/01pkeax38,JP,Fukayachō,Saitama Institute of Technology,education
-0.01636555674616982,https://ror.org/042b6j696,JP,Nagoya,Nanzan University,education
-0.016427678267167328,https://ror.org/00qwnam72,JP,Narashino,Chiba Institute of Technology,education
-0.01659261693490779,https://ror.org/01banz567,JP,Nobeoka,Kyushu University of Health and Welfare,education
-0.01659261693490779,https://ror.org/03c5e1619,JP,Hiroshima,Yasuda Women's University,education
-0.021906602375310842,https://ror.org/001hv0k59,JP,Nagoya,Toyota Technological Institute,education
-0.024223698527956958,https://ror.org/05nf86y53,JP,Tōkai-mura,Japan Atomic Energy Agency,government
-0.025884737830176426,https://ror.org/02z1n9q24,JP,Okinawa,University of the Ryukyus,education
-0.026205765264626854,https://ror.org/059b5pb30,JP,Kobe,Konan University,education
-0.030632385765076844,https://ror.org/00sjd5653,JP,Ibaraki,Ibaraki University,education
-0.031363883853751294,https://ror.org/058h74p94,JP,Nagasaki,Nagasaki University,education
-0.03297736658061701,https://ror.org/01pa62v70,JP,Tokyo,Tokyo Denki University,education
-0.037179609882507146,https://ror.org/00qa6r925,JP,Kameoka,Kyoto University of Advanced Science,education
-0.040431110055537164,https://ror.org/05aevyc10,JP,Okayama,Okayama University of Science,education
-0.0433251751268124,https://ror.org/04bcbax71,JP,Tokyo,Musashino University,education
-0.048044795042401674,https://ror.org/0264zxa45,JP,Sendai,Tohoku Medical and Pharmaceutical University,education
-0.04810706759501112,https://ror.org/04tqcn816,JP,Tōbetsu,Health Sciences University of Hokkaido,education
-0.04827205027676862,https://ror.org/0307bxz06,JP,Toyota,Toyota Group (Japan),company
-0.04827205027676862,https://ror.org/051j8zv27,JP,Kashihara,Osaka Kyoiku University,education
-0.04827205027676862,https://ror.org/05gqsa340,JP,Sapporo,Hokkaido University of Science,education
-0.04827205027676862,https://ror.org/05tc07s46,JP,Matsuyama,Matsuyama University,education
-0.04842500835356572,https://ror.org/01gaw2478,JP,Tokyo,Teikyo University,education
-0.04881440307054996,https://ror.org/02znffm54,JP,Osaka,Osaka Institute of Technology,education
-0.05877334418441291,https://ror.org/02q8vhr64,JP,Kobe,Kobe City College of Technology,education
-0.05947764036201382,https://ror.org/02dvjfw95,JP,Hikone,University of Shiga Prefecture,education
-0.06325564597601954,https://ror.org/007f5s288,JP,Tokyo,Cabinet Office,government
-0.0647389954753969,https://ror.org/03cxys317,JP,Yamaguchi,Yamaguchi University,education
-0.06542905318991799,https://ror.org/00bmxak18,JP,Fukuoka,Fukuoka Institute of Technology,education
-0.07264278740500654,https://ror.org/00smwky98,JP,Tokushima,Tokushima Bunri University,education
-0.08723870041883755,https://ror.org/02t9fsj94,JP,Obihiro,Obihiro University of Agriculture and Veterinary Medicine,education
-0.08908846784913098,https://ror.org/0477qq163,JP,Sapporo,Civil Engineering Research Institute for Cold Region,facility
-0.09255952113801545,https://ror.org/02xqkcw08,JP,Hachiōji,National Institute of Technology,education
-0.10779447997514782,https://ror.org/026v1ze26,JP,Tsukuba,National Institute for Materials Science,facility
-0.10873199485560597,https://ror.org/018v0zv10,JP,Kobe,Kobe Gakuin University,education
-0.11006737338653078,https://ror.org/021a26605,JP,Tokyo,Tokyo University of Technology,education
-0.11216733031307867,https://ror.org/02qg15b79,JP,Onna Son,Okinawa Institute of Science and Technology Graduate University,education
-0.11352687630559745,https://ror.org/03m5fme96,JP,Nagahama,Nagahama Institute of Bio-Science and Technology,education
-0.1166966158773204,https://ror.org/0254bmq54,JP,Tokyo,National Center of Neurology and Psychiatry,healthcare
-0.1201332079904217,https://ror.org/02qsepw74,JP,Toyota,Aichi Institute of Technology,education
-0.1257954999622569,https://ror.org/059d6yn51,JP,Tokyo,Toyo University,education
-0.1275539661469701,https://ror.org/01tqqny90,JP,Nagasaki,Nagasaki International University,education
-0.1276160469969774,https://ror.org/0188yz413,JP,Tokyo,Kyorin University,education
-0.1276160469969774,https://ror.org/0496p0503,JP,Tokyo,Rissho University,education
-0.12778171677914277,https://ror.org/02dgmxb18,JP,Ube,Yamaguchi University Hospital,healthcare
-0.1302269822890646,https://ror.org/01v55qb38,JP,Osaka,National Cerebral and Cardiovascular Center,healthcare
-0.1302269822890646,https://ror.org/020p3h829,JP,Kitakyushu,University of Occupational and Environmental Health Japan,education
-0.14549785076718325,https://ror.org/04nt8b154,JP,Fukuoka,Fukuoka University,education
-0.15156059550043793,https://ror.org/05t70xh16,JP,Kyoto,Kyoto Sangyo University,education
-0.17890166565830853,https://ror.org/00berct97,JP,Tokyo,NTT (Japan),company
-0.17923755316950332,https://ror.org/00kzych23,JP,Tokyo,Nippon Sport Science University,education
-0.17923755316950332,https://ror.org/034zkkc78,JP,Tokyo,Teikyo Heisei University,education
-0.19631398858409213,https://ror.org/014fz7968,JP,Kumamoto,Sojo University,education
-0.19926259848425967,https://ror.org/053d3tv41,JP,Ōtawara,International University of Health and Welfare,education
-0.19989028272821732,https://ror.org/022yhjq53,JP,Tokyo,Meisei University,education
-0.2093179654993525,https://ror.org/03thzz813,JP,Saitama,Meikai University,education
-0.21079147753383803,https://ror.org/003sgjn18,JP,Osaka,Osaka Butsuryo University,education
-0.21079147753383803,https://ror.org/015q2z284,JP,Ibaraki,Tsukuba International University,education
-0.21079147753383803,https://ror.org/01s7jxc19,JP,Sendai,Miyagi University of Education,education
-0.21079147753383803,https://ror.org/03aet8853,JP,Nagoya,Tokai Gakuen University,education
-0.21079147753383803,https://ror.org/04155gf20,JP,Gyōda,Institute of Technologists,education
-0.21730858464382558,https://ror.org/03ptaj492,JP,Musashino,Seikei University,education
-0.23364483221223487,https://ror.org/012eh0r35,JP,Fukushima,Fukushima Medical University,education
-0.23537792123716084,https://ror.org/02s5jck73,JP,Machida,J. F. Oberlin University,education
-0.2483675551211729,https://ror.org/02gmwvg31,JP,Yokohama,Fisheries Research Agency,government
-0.24844257912684334,https://ror.org/04dt6bw53,JP,Tokyo,Tokyo City University,education
-0.24932775228214132,https://ror.org/01xfcjr43,JP,Onoda,Sanyo-Onoda City University,education
-0.2550500683204378,https://ror.org/00088z429,JP,Kobe,Kobe Pharmaceutical University,education
-0.2629916533963358,https://ror.org/00293y771,JP,Sendai,Sendai National College of Technology,education
-0.2662333013640231,https://ror.org/00r8qyj34,JP,Shibata,Sendai University,education
-0.266395599421002,https://ror.org/045ysha14,JP,Kashihara-shi,Nara Medical University,education
-0.2810962603156902,https://ror.org/034jd0m14,JP,Yamatokōriyama,"National Institute of Technology, Nara College",education
-0.2958197889649243,https://ror.org/04wsgqy55,JP,Tokyo,Nippon Veterinary and Life Science University,education
-0.2959770853478292,https://ror.org/01ta2g450,JP,Kisarazu,"National Institute of Technology, Kisarazu College",education
-0.31156159058785116,https://ror.org/02rcadd38,JP,Nagaoka,Nagaoka University,education
-0.3165254490609841,https://ror.org/0036wzx44,JP,Fukuoka,Junshin Gakuen University,education
-0.3184843291645136,https://ror.org/023v4bd62,JP,Tsukuba,National Agriculture and Food Research Organization,government
-0.32321084482886975,https://ror.org/04a698174,JP,Machida,Tokyo Kasei Gakuin University,education
-0.32391436307973326,https://ror.org/00d8gp927,JP,Ōtsu,Shiga University of Medical Science,education
-0.32402378557971484,https://ror.org/01bawqf59,JP,Fujisawa,Shonan Institute of Technology,education
-0.330477203699801,https://ror.org/025vmw012,JP,Uenohara,Teikyo University of Science,education
-0.35521473593199815,https://ror.org/041bf1s37,JP,Yokohama,Kanto Gakuin University,education
-0.39612278958224145,https://ror.org/02rqdr293,JP,Tsukuba,Building Research Institute,other
-0.39612278958224145,https://ror.org/05debqe13,JP,Kumamoto,Kumamoto Prefectural Police,government
-0.4011819002385718,https://ror.org/0238qsm25,JP,Okazaki,Nihon Fukushi University,education
-0.4011819002385718,https://ror.org/04s6e0d17,JP,Inuyama,Nagoya Keizai University,education
-0.4090631455132717,https://ror.org/055tm7f07,JP,Tokyo,"Ministry of Economy, Trade and Industry",government
-0.4360855506065154,https://ror.org/011srkg41,JP,Tsubata,"National Institute Of Technology, Ishikawa College",education
-0.44073857933102306,https://ror.org/01h2m4f20,JP,Osaka,Osaka Sangyo University,education
-0.45987721210165994,https://ror.org/038bgk418,JP,Sōja,Okayama Prefectural University,education
-0.46124851318252685,https://ror.org/02wp4vw89,JP,Ōita,Nippon Bunri University,education
-0.47232372781080767,https://ror.org/02c3vg160,JP,Fukui-shi,Fukui Prefectural University,education
-0.47857317849593645,https://ror.org/01n09qc98,JP,Sabae,Fukui National College of Technology,education
-0.47857317849593645,https://ror.org/0267k9n61,JP,Ishikawa,Kinjo University,education
-0.4918155843025766,https://ror.org/05crbcr45,JP,Tokyo,Tokyo University of Agriculture,education
-0.500000099643363,https://ror.org/00khh5r84,JP,Tokyo,Tokyo Gakugei University,education
-0.5063287328281271,https://ror.org/00kd5se19,JP,Nagano,"National Institute of Technology, Nagano College",education
-0.5110125762975181,https://ror.org/04jndar25,JP,Tokyo,NEC (Japan),company
-0.5110125762975181,https://ror.org/04s6fbg51,JP,Neyagawa,Osaka Prefecture University College of Technology,education
-0.5619360230979312,https://ror.org/007gj5v75,JP,Atsugi,Kanagawa Institute of Technology,education
-0.6166611570485384,https://ror.org/05h68bp56,JP,Shiraoka,Nippon Institute of Technology,education
-0.6266896893223743,https://ror.org/04vz9vy80,JP,Tokyo,Japan Display (Japan),company
-0.6465799738071816,https://ror.org/00mrjbj15,JP,Fukuyama,Fukuyama University,education
-0.6672555684500755,https://ror.org/01bb68v37,JP,Anan,Anan National College of Technology,education
-0.6672555684500755,https://ror.org/0284mr070,JP,Hiroshima,Hiroshima Cosmopolitan University,education
-0.6866678965069469,https://ror.org/04f9apy08,JP,Tokyo,Advanced Institute of Industrial Technology,education
-0.7164900528902279,https://ror.org/02b3e2815,JP,Sagamihara,Kitasato University Hospital,healthcare
-0.7490434190863257,https://ror.org/04kkb3773,JP,Shimonoseki,National Fisheries University,education
-0.7812006346748852,https://ror.org/00r9w3j27,JP,Tokyo,National Center for Global Health and Medicine,healthcare
-0.7812006346748852,https://ror.org/01wx88t91,JP,Gamagōri,Aichi University of Technology,education
-0.7812006346748852,https://ror.org/04tcj6w24,JP,Gifu-shi,Gifu University of Medical Science,education
-0.8014250376569485,https://ror.org/03zhhr656,JP,Kyoto,Kyoto University of Education,education
-0.8380386554302448,https://ror.org/03dk6an77,JP,Kure,Hiroshima International University,education
-0.9112890656361203,https://ror.org/04j8wth34,JP,Yokohama,Tsurumi University,education
-1.0316882122364788,https://ror.org/03pm2yz25,JP,Kumamoto,Kumamoto Health Science University,education
-1.199933193011417,https://ror.org/039ygjf22,JP,Tokyo,Jikei University School of Medicine,education
